Row,Age,Percentage
1,Senior Users,1.4354066985645932
2,Very Experienced Users,9.090909090909092
3,Experienced Users,38.75598086124402
4,Young Users,30.14354066985646
5,New & Highly Active Users,20.574162679425836
