Row,Badges,Percentage
1,Gold,6.306732970242324
2,Silver,27.92643460415187
3,Bronze,65.76683242560581
